{"cameraMode":{"drawMode":0,"name":"Shaded","section":"Shading Mode"},"sceneLighting":true,"audioPlay":false,"sceneViewState":{"showFog":true,"showMaterialUpdate":false,"showSkybox":true,"showFlares":true,"showImageEffects":true,"showParticleSystems":true},"in2DMode":false,"pivot":{"x":-0.06138422340154648,"y":-0.0911678820848465,"z":0.11244190484285355},"rotation":{"x":0.40364694595336916,"y":0.007967252284288407,"z":-0.0035206556785851719,"w":0.914890706539154},"size":0.1414213478565216,"orthographic":false}