{"cameraMode":{"drawMode":0,"name":"Shaded","section":"Shading Mode"},"sceneLighting":true,"audioPlay":false,"sceneViewState":{"showFog":true,"showMaterialUpdate":false,"showSkybox":true,"showFlares":true,"showImageEffects":true,"showParticleSystems":true},"in2DMode":false,"pivot":{"x":-2.334275960922241,"y":-2.652580976486206,"z":1.8506584167480469},"rotation":{"x":0.37002360820770266,"y":-0.32381996512413027,"z":0.13939711451530457,"w":0.8595430254936218},"size":3.6073946952819826,"orthographic":false}