{"cameraMode":{"drawMode":0,"name":"Shaded","section":"Shading Mode"},"sceneLighting":true,"audioPlay":false,"sceneViewState":{"showFog":true,"showMaterialUpdate":false,"showSkybox":true,"showFlares":true,"showImageEffects":true,"showParticleSystems":true},"in2DMode":false,"pivot":{"x":4.085035800933838,"y":-3.495800495147705,"z":-0.3931857943534851},"rotation":{"x":-0.2242787480354309,"y":-0.7103562355041504,"z":0.2591458857059479,"w":-0.6147746443748474},"size":3.6073946952819826,"orthographic":false}